Name+H5_index+impact_score+place+date+submission_deadline+website+research_ranking+published_by_top_scientist+contributing_top_scientist
AAAI Conference on Artificial Intelligence+126+25.57+Vancouver, Canada+Feb 22, 2022 - Mar 01, 2022+Monday 30 Aug 2021+https://aaai.org/Conferences/AAAI-22/+5+1044+514
AAAI/ACM Conference on AI, Ethics, and Society+20+4.29+Online, Online+May 19, 2021 - May 21, 2021+Sunday 31 Jan 2021+https://www.aies-conference.com/2021/+145+32+29
ACM Conference on Learning @ Scale+28+3.3+Potsdam, Germany+Jun 22, 2021 - Jun 25, 2021+Monday 15 Feb 2021+https://emoocs2021.eu/+222+42+27
ACM Conference on Recommender Systems+46+5.12+Amsterdam, Netherlands+Sep 27, 2021 - Oct 01, 2021+Tuesday 27 Apr 2021+https://recsys.acm.org/recsys21/+99+74+38
ACM International Conference on Information and Knowledge Management+54+9.4+Online, Online+Nov 01, 2021 - Nov 05, 2021+Wednesday 19 May 2021+https://www.cikm2021.org/+27+351+199
ACM International Conference on Multimedia+58+11.05+Chengdu, China+Oct 20, 2021 - Oct 24, 2021+Saturday 17 Apr 2021+https://2021.acmmm.org/+18+348+154
ACM International Conference on Multimedia Retrieval+30+4.46+Taipei, Taiwan+Jul 12, 2021 - Jul 15, 2021+Friday 11 Dec 2020+http://icmr2021.org/+130+57+42
ACM International Conference on Web Search and Data Mining+54+10.56+Phoenix, AZ, United States+Feb 28, 2022 - Mar 04, 2022+Monday 09 Aug 2021+http://www.wsdm-conference.org/2022/+21+119+76
ACM Multimedia Systems Conference+31+4.62+Istanbul, Turkey+May 25, 2021 - May 28, 2021+Friday 11 Dec 2020+https://2021.acmmmsys.org/+120+36+34
ACM SIGIR Conference on Research and development in information retrieval+57+8.74+Montréal, Canada+Jul 11, 2021 - Jul 15, 2021+Tuesday 02 Feb 2021+https://sigir.org/sigir2021/+33+270+100
ACM SIGKDD International Conference on Knowledge discovery and data mining+90+13.53+Singapore, Singapore+Aug 14, 2021 - Aug 18, 2021+Monday 08 Feb 2021+https://www.kdd.org/kdd2021/+10+324+168
ACM SIGMOD International Conference on Management of Data+66+10.06+Philadelphia, United States+Jun 12, 2022 - Jun 17, 2022+Wednesday 15 Sep 2021+https://2022.sigmod.org/+24+191+110
ACM SIGSPATIAL International Conference on Advances in Geographic Information Systems+25+4.62+Beijing, China+Nov 02, 2021 - Nov 05, 2021+Thursday 27 May 2021+https://sigspatial2021.sigspatial.org/+124+104+63
ACM Symposium on Document Engineering+12+1.32+Limerick, Ireland+Aug 24, 2021 - Aug 27, 2021+Tuesday 30 Mar 2021+https://doceng.org/doceng2021+704+23+11
ACM Symposium on Virtual Reality Software and Technology+20+2.97+Online, Online+Dec 08, 2021 - Dec 10, 2021+Monday 19 Jul 2021+http://vrst.acm.org/vrst2021/+247+56+26
ACM/IEEE International Conference on Distributed Smart Cameras+10+1.65+Trento, Italy+Sep 09, 2019 - Sep 11, 2019+Friday 24 May 2019+https://event.unitn.it/icdsc2019/+569+14+8
Allerton Conference on Communication, Control, and Computing+32+4.12+University of Illinois at Urbana-Champaign, United States+Sep 29, 2021 - Oct 01, 2021+Sunday 01 Aug 2021+https://allerton.csl.illinois.edu/+149+125+83
Annual Conference Towards Autonomous Robotic Systems+12+1.81+Lincoln, United Kingdom+Sep 08, 2021 - Sep 10, 2021+Friday 28 May 2021+https://lcas.lincoln.ac.uk/wp/taros-2021/+542+36+15
Annual Conference on Medical Image Understanding and Analysis+13+1.65+Oxford, United Kingdom+Jul 12, 2021 - Jul 14, 2021+Sunday 28 Mar 2021+https://miua2021.com/+600+21+14
Annual Meeting of the Cognitive Science Society+32+2.64+Vienna, Austria+Jul 25, 2021 - Jul 29, 2021+Wednesday 03 Feb 2021+https://cognitivesciencesociety.org/cogsci-2021/+314+68+38
Annual Meeting of the Special Interest Group on Discourse and Dialogue (SIGDIAL)+29+2.15+Singapore, Singapore+Jul 29, 2021 - Jul 31, 2021+Friday 02 Apr 2021+https://www.sigdial.org/files/workshops/conference22/+418+22+16
Applications of Digital Image Processing+0+1.98+Kyoto, Japan+Dec 17, 2021 - Dec 19, 2021+Thursday 05 Aug 2021+http://www.adip.org/+499+30+15
Artificial Intelligence in Education+21+2.81+Utrecht, Netherlands+Jul 14, 2021 - Jul 14, 2021+Friday 05 Feb 2021+https://aied2021.science.uu.nl/+282+89+35
Artificial Intelligence in Medicine+39+1.49+Porto, Portugal, Portugal+Jun 16, 2021 - Jun 19, 2021+Monday 01 Feb 2021+http://aime21.aimedicine.info/+639+20+9
Asian Conference on Computer Aided Surgery+0+0.33+Online, Online+Nov 27, 2020 - Nov 28, 2020+Thursday 15 Oct 2020+https://accas2020.org/+959+15+1
Asian Conference on Computer Vision (ACCV)+33+5.61+Kyoto, Japan+Nov 30, 2020 - Dec 04, 2020+Wednesday 08 Jul 2020+http://accv2020.kyoto/+77+84+65
Asian Conference on Machine Learning+17+1.98+Online, Online+Nov 17, 2021 - Nov 19, 2021+Friday 02 Jul 2021+http://www.acml-conf.org/2021/+497+16+16
Australasian Joint Conference on Artificial Intelligence+0+0.99+Sydney, Australia+Dec 01, 2021 - Dec 03, 2021+Friday 20 Aug 2021+https://ai21.webflow.io/+846+18+12
Brazilian Conference on Intelligent Systems+12+0.66+Online, Online+Nov 29, 2021 - Dec 03, 2021+Sunday 20 Jun 2021+http://c4ai.inova.usp.br/bracis/+927+11+9
British Machine Vision Conference+57+5.94+Online, Online+Nov 22, 2021 - Nov 25, 2021+Friday 18 Jun 2021+https://britishmachinevisionassociation.github.io/bmvc+70+92+78
Canadian Conference on Artificial Intelligence+11+1.16+Vancouver, Canada+May 25, 2021 - May 28, 2021+Sunday 21 Feb 2021+https://www.caiac.ca/en/conferences/canadianai-2021/home+797+13+10
Chinese Conference on Pattern Recognition and Computer Vision+6+0.82+Beijing, China+Oct 29, 2021 - Nov 01, 2021+Sunday 30 May 2021+http://www.prcv.cn/2021/index_en.html+901+14+11
Color and Imaging Conference+10+1.16+Online, Online+Nov 04, 2020 - Nov 19, 2020+Monday 28 Sep 2020+https://www.imaging.org/site/IST/Conferences/Color_and_Imaging/CIC2020/IST/Conferences/CIC/CIC_Home.aspx?hkey=ff455d92-345d-4ba1-8843-c4bedd9dcead+790+24+11
Computational Optical Sensing and Imaging+12+0.99+Vancouver, Canada+Jul 19, 2021 - Jul 23, 2021+Tuesday 02 Mar 2021+https://www.osa.org/en-us/meetings/osa_meetings/osa_imaging_and_applied_optics_congress/program/computational_optical_sensing_and_imaging_(1)/+845+20+12
Conference of the European Chapter of the Association for Computational Linguistics+45+5.61+Kyiv, Ukraine+Apr 21, 2021 - Apr 23, 2021+Wednesday 07 Oct 2020+https://2021.eacl.org/+84+50+34
Conference of the International Fuzzy Systems Association and the European Society for Fuzzy Logic and Technology+13+0.66+Bratislava, Slovakia+Sep 19, 2021 - Sep 24, 2021+Wednesday 31 Mar 2021+http://www.ifsa-eusflat2021.eu/index.html+926+17+9
Conference of the International Speech Communication Association (INTERSPEECH)+81+6.6+Brno, Czech Republic+Aug 30, 2021 - Sep 03, 2021+Friday 26 Mar 2021+https://www.interspeech2021.org/+55+286+72
Conference of the North American Chapter of the Association for Computational Linguistics: Human Language Technologies (HLT-NAACL)+90+7.26+Mexico City, Mexico+Jun 06, 2021 - Jun 11, 2021+Monday 23 Nov 2020+https://www.aclweb.org/portal/content/naacl-hlt-2021-first-call-papers+45+103+67
Conference of the Spanish Association for Artificial Intelligence+0+0.99+Malaga, Spain+Sep 22, 2021 - Sep 24, 2021+Tuesday 15 Jun 2021+https://caepia20-21.uma.es/?lang=en+858+14+8
Conference on Biomimetic and Biohybrid Systems+13+2.15+Online, Online+Jul 27, 2021 - Jul 30, 2021+Sunday 30 May 2021+https://livingmachinesconference.eu/2021/+457+44+12
Conference on Computational Natural Language Learning (CoNLL)+39+3.46+Online, Online+Nov 10, 2021 - Nov 11, 2021+Monday 14 Jun 2021+https://conll.org/+187+26+24
Conference on Computer and Robot Vision+15+1.49+Burnaby, Canada+May 26, 2021 - May 28, 2021+Thursday 18 Feb 2021+https://www.computerrobotvision.org/+667+21+12
Conference on Empirical Methods in Natural Language Processing (EMNLP)+112+9.24+Punta Cana, Dominican Republic+Nov 07, 2021 - Nov 11, 2021+Monday 10 May 2021+https://2021.emnlp.org/+31+180+104
Conference on Empirical Methods in Natural Language Processing and the 9th International Joint Conference on Natural Language Processing+112+2.64+Hong Kong, Hong Kong+Dec 05, 2019 - Dec 07, 2019+Tuesday 21 May 2019+https://www.emnlp-ijcnlp2019.org/+312+56+40
Conference on Human Information Interaction and Retrieval+19+3.13+Regensburg, Germany+Mar 14, 2022 - Mar 18, 2022+Tuesday 05 Oct 2021+https://ai.ur.de/chiir2022/+246+23+15
Conference on Innovative Data Systems Research+34+3.3+Chaminade, CA, United States+Jan 10, 2022 - Jan 13, 2022+Friday 27 Aug 2021+http://cidrdb.org/cidr2022/index.html+206+18+21
Conference on Learning Theory (COLT)+54+4.79+Boulder, United States+Jul 07, 2021 - Jul 10, 2021+Friday 29 Jan 2021+http://learningtheory.org/colt2021/+107+38+28
Conference on Robot Learning+33+4.79+Online, Online+Nov 08, 2021 - Nov 11, 2021+Friday 18 Jun 2021+https://www.robot-learning.org/+118+23+23
Conference on Uncertainty in Artificial Intelligence (UAI)+34+3.63+Online, Online+Jul 26, 2021 - Jul 30, 2021+Friday 19 Feb 2021+https://auai.org/uai2021/+180+34+38
Data Compression Conference+20+2.48+Salt Lake City, United States+Mar 22, 2022 - Mar 25, 2022+Monday 01 Nov 2021+https://www.cs.brandeis.edu/~dcc/Call.html+331+56+22
Detection and Classification of Acoustic Scenes and Events+0+2.31+Online, Online+Nov 15, 2021 - Nov 16, 2021+Tuesday 13 Jul 2021+http://dcase.community/workshop2021/index+415+11+6
EPIA Conference on Artificial Intelligence+10+1.32+Online, Online+Sep 07, 2021 - Sep 09, 2021+Thursday 15 Apr 2021+http://www.appia.pt/epia2021/+747+16+8
Eurographics Workshop on Visual Computing for Biology and Medicine+9+0.99+Paris, France+Sep 22, 2021 - Sep 24, 2021+Friday 02 Jul 2021+https://conferences.eg.org/vcbm2021/+876+14+6
European Conference on Computer Vision+144+25.91+Montreal, Canada+Oct 11, 2021 - Oct 17, 2021+Wednesday 10 Mar 2021+http://iccv2021.thecvf.com/+4+496+274
European Conference on Information Retrieval+27+3.3+Stavanger, Norway+Apr 10, 2022 - Apr 14, 2022+Thursday 07 Oct 2021+https://ecir2022.org/+210+60+40
European Conference on Machine learning and knowledge discovery in databases+31+4.95+Ghent, Belgium+Sep 14, 2020 - Sep 18, 2020+Thursday 19 Mar 2020+https://ecmlpkdd2020.net/+104+120+91
European Conference on Technology Enhanced Learning+0+2.48+Bozen, Italy+Sep 20, 2021 - Sep 24, 2021+Thursday 25 Mar 2021+https://ea-tel.eu/ectel2021+362+43+13
European Signal Processing Conference+31+4.79+Dublin, Ireland+Aug 23, 2021 - Aug 27, 2021+Monday 01 Mar 2021+https://eusipco2021.org/+115+293+132
European Symposium on Artificial Neural Networks+18+2.15+Bruges, Belgium+Oct 06, 2021 - Oct 08, 2021+Monday 17 May 2021+https://www.esann.org/+423+37+25
European Workshop on Visual Information Processing+8+1.16+Lisbon, Portugal+Sep 11, 2022 - Sep 14, 2022+Monday 06 Jun 2022+https://euvip2022.org/+794+17+10
Eye Tracking Research & Application+18+2.48+Seattle, United States+Jun 08, 2022 - Jun 11, 2022+Monday 29 Nov 2021+https://etra.acm.org/2022/+334+43+20
Field and Service Robotics+0+1.81+Tokyo, Japan+Aug 29, 2019 - Aug 30, 2019+Wednesday 10 Apr 2019+http://www.srg.mech.keio.ac.jp/fsr2019/+527+11+9
Florida Artificial Intelligence Research Society Conference+16+1.98+Hutchison Island, FA, United States+May 15, 2022 - May 18, 2022+Monday 17 Jan 2022+https://www.flairs-35.info/+491+31+19
German Conference on Pattern Recognition+24+2.97+Bonn, Germany+Sep 28, 2021 - Oct 01, 2021+Thursday 24 Jun 2021+https://dagm-gcpr.de/+259+46+26
Global Conference on Artificial Intelligence+0+0.99+Hangzhou, China, China+Apr 06, 2020 - Apr 09, 2020+Saturday 30 Nov 2019+http://gcai-2020.info/+887+10+5
IAPR Asian Conference on Pattern Recognition+15+1.32+Auckland, New Zealand+Nov 26, 2019 - Nov 29, 2019+Thursday 01 Aug 2019+https://www.acpr2019.org/+721+43+17
IAPR International Workshop on Document Analysis Systems+18+1.65+Wuhan, China+May 17, 2020 - May 20, 2020+Wednesday 13 Nov 2019+http://www.vlrlab.net/das2020/+570+13+11
IEEE Annual International Conference on CYBER Technology in Automation, Control, and Intelligent Systems+15+1.16+Jiaxing, China+Jul 27, 2021 - Jul 31, 2021+Wednesday 31 Mar 2021+https://ieee-cyber.org/2021/+807+15+8
IEEE Applied Imagery Pattern Recognition Workshop+11+0.49+Washington, DC, United States+Oct 12, 2021 - Oct 14, 2021+Sunday 15 Aug 2021+https://www.aipr-workshop.org/+951+12+4
IEEE Automatic Speech Recognition and Understanding Workshop+36+4.79+Cartagena, Colombia+Dec 13, 2021 - Dec 17, 2021+Friday 25 Jun 2021+https://asru2021.org/+117+57+27
IEEE Conference on Computational Intelligence and Games+23+2.31+Maastricht, the Netherlands, Netherlands+Aug 14, 2018 - Aug 17, 2018+Thursday 15 Mar 2018+http://www.maastrichtuniversity.nl/cig2018+413+26+12
IEEE Conference on Games+23+1.81+Copenhagen, Denmark+Aug 17, 2021 - Aug 20, 2021+Friday 16 Apr 2021+https://ieee-cog.org/2021/+516+28+11
IEEE Conference on Multimedia Information Processing and Retrieval+10+2.15+Online, Online+Sep 08, 2021 - Sep 10, 2021+Friday 30 Oct 2020+https://mipr2021.org/+436+37+28
IEEE Conference on Virtual Reality and 3D User Interfaces+0+3.3+Christchurch, New Zealand+Mar 12, 2022 - Mar 16, 2022+Thursday 01 Jan 1970+https://ieeevr.org/2022/+209+118+48
IEEE Data Driven Control and Learning Systems Conference+5+1.16+Suzhou, China+May 14, 2021 - May 16, 2021+Monday 15 Mar 2021+http://eie.usts.edu.cn/ddcls2021/index.html+814+11+7
IEEE Intelligent Transportation Systems Conference+37+5.45+Indianapolis, United States+Sep 19, 2021 - Sep 22, 2021+Thursday 15 Apr 2021+http://2021.ieee-itsc.org/+93+211+99
IEEE Intelligent Vehicles Symposium+46+5.45+Nagoya, Japan+Jul 11, 2021 - Jul 15, 2021+Monday 15 Feb 2021+https://2021.ieee-iv.org/+94+158+70
IEEE International Conference on Acoustics, Speech and Signal Processing (ICASSP)+86+12.04+Singapore, Singapore+May 22, 2022 - May 27, 2022+Friday 01 Oct 2021+https://2022.ieeeicassp.org/+13+1194+377
IEEE International Conference on Advanced Video and Signal-Based Surveillance+27+4.12+Washington, DC, United States+Nov 16, 2021 - Nov 19, 2021+Thursday 05 Aug 2021+http://www.avss2021.org/+146+63+34
IEEE International Conference on Artificial Intelligence Circuits and Systems+0+1.65+Online, Online+May 03, 2021 - May 07, 2021+Monday 08 Feb 2021+http://aicas2021.org/index+602+16+14
IEEE International Conference on Artificial Intelligence and Virtual Reality+4+0.82+Taichung, Taiwan+Nov 15, 2021 - Nov 17, 2021+Thursday 15 Jul 2021+http://www.ieee-aivr.org/+909+10+8
IEEE International Conference on Automatic Face & Gesture Recognition+41+7.59+Jodhpur, India+Dec 15, 2021 - Dec 18, 2021+Friday 20 Aug 2021+http://iab-rubric.org/fg2021/+40+142+76
IEEE International Conference on Autonomic Computing+20+2.64+Portsmouth, United Kingdom+Sep 02, 2021 - Sep 04, 2021+Saturday 22 May 2021+http://www.cacsuk.co.uk/index.php/conferences/icac2021+306+18+16
IEEE International Conference on Autonomous Robot Systems and Competitions+15+1.98+Ponta Delgada, Azores, Portugal, Portugal+May 15, 2020 - May 17, 2020+Sunday 09 Feb 2020+http://icarsc2020.uac.pt/+512+16+9
IEEE International Conference on Big Data+41+3.79+Orlando, FL, United States+Dec 15, 2021 - Dec 18, 2021+Tuesday 31 Aug 2021+http://bigdataieee.org/BigData2021/+169+320+178
IEEE International Conference on Big Data and Smart Computing+19+1.65+Yokohama, Japan+Jan 21, 2022 - Jan 23, 2022+Thursday 01 Jan 1970+http://www.icbdsc.org/+590+19+17
IEEE International Conference on Big Knowledge+8+1.81+Beijing, China+Nov 10, 2019 - Nov 10, 2019+Sunday 30 Jun 2019+http://icbk2019.bigke.org/+548+17+13
IEEE International Conference on Bioinformatics and Biomedicine+25+3.13+Houston, United States+Dec 09, 2021 - Dec 12, 2021+Saturday 28 Aug 2021+https://ieeebibm.org/BIBM2021/+237+94+63
IEEE International Conference on Biometrics: Theory Applications and Systems (BTAS)+23+3.3+Houston, United States+Sep 27, 2020 - Sep 30, 2020+Monday 06 Apr 2020+https://ieee-biometrics.org/ijcb2020/+202+32+16
IEEE International Conference on Computational Photography+0+3.46+Technion, Haifa, Israel+May 23, 2021 - May 25, 2021+Friday 11 Dec 2020+https://iccp-conference.org/+199+28+20
IEEE International Conference on Data Mining+48+7.59+Auckland, New Zealand+Dec 07, 2021 - Dec 10, 2021+Friday 11 Jun 2021+https://icdm2021.auckland.ac.nz/+39+259+149
IEEE International Conference on Data Science in Cyberspace+12+1.49+Shenzhen, China+Oct 09, 2021 - Oct 11, 2021+Wednesday 30 Jun 2021+http://www.ieeedsc.org/2021/+668+19+12
IEEE International Conference on Fuzzy Systems+20+3.79+Luxembourg, Luxembourg+Jul 11, 2021 - Jul 14, 2021+Wednesday 17 Mar 2021+https://attend.ieee.org/fuzzieee-2021/+167+181+60
IEEE International Conference on Identity, Security, and Behavior Analysis+16+2.97+Hyderabad, India+Jan 22, 2019 - Jan 24, 2019+Friday 28 Dec 2018+https://www.idrbt.ac.in//ISBA/index.html+266+18+14
IEEE International Conference on Image Processing+52+7.59+Alaska, United States+Sep 19, 2021 - Sep 22, 2021+Wednesday 13 Jan 2021+https://2021.ieeeicip.org/Default.asp+38+564+225
IEEE International Conference on Imaging Systems and Techniques+14+0.99+New York, United States+Aug 24, 2021 - Aug 26, 2021+Friday 30 Apr 2021+https://ist2021.ieee-ims.org/+888+21+4
IEEE International Conference on Intelligence and Security Informatics+17+1.49+San Antonio, Texas, United States+Nov 02, 2021 - Nov 03, 2021+Saturday 07 Aug 2021+http://www.isi-conf.org/+646+40+11
IEEE International Conference on Multimedia and Expo+30+6.43+Shenzhen, China+Jul 05, 2021 - Jul 09, 2021+Sunday 13 Dec 2020+https://2021.ieeeicme.org/+59+163+99
IEEE International Conference on Robotics and Biomimetics+18+1.81+Kuala Lumpur, Malaysia, Malaysia+Dec 12, 2018 - Dec 15, 2018+Sunday 15 Jul 2018+http://www.robio2018.org/+530+94+44
IEEE International Conference on Smart Computing+17+3.3+Irvine, United States+Aug 23, 2021 - Aug 27, 2021+Monday 01 Mar 2021+https://www.smart-comp.info/+218+50+33
IEEE International Conference on Systems, Man and Cybernetics+29+3.3+Melbourne, Australia+Oct 17, 2021 - Oct 20, 2021+Saturday 15 May 2021+http://ieeesmc2021.org/+203+230+103
IEEE International Geoscience and Remote Sensing Symposium+33+3.46+Brussels, Belgium+Jul 11, 2021 - Jul 16, 2021+Monday 25 Jan 2021+https://www.igarss2021.com/+186+295+56
IEEE International Smart Cities Conference+12+1.81+Online, Online+Sep 07, 2021 - Sep 10, 2021+Monday 31 May 2021+https://attend.ieee.org/isc2-2021/+536+22+19
IEEE International Symposium on Applied Computational Intelligence and Informatics+12+0.49+Timisoara, Romania+May 19, 2021 - May 21, 2021+Wednesday 24 Feb 2021+http://conf.uni-obuda.hu/saci2021/+952+10+2
IEEE International Symposium on Biomedical Imaging+43+6.6+Kolkata, India+Mar 28, 2022 - Mar 31, 2022+Wednesday 06 Oct 2021+https://biomedicalimaging.org/2022/+58+267+105
IEEE International Symposium on Information Theory+57+7.26+Melbourne, Australia+Jul 11, 2021 - Jul 16, 2021+Wednesday 03 Feb 2021+https://2021.ieee-isit.org/+42+380+105
IEEE International Symposium on Workload Characterization+18+2.97+Online, Online+Nov 07, 2021 - Nov 08, 2021+Friday 16 Jul 2021+http://www.iiswc.org/iiswc2021/index.html+264+24+19
IEEE International Ultrasonics Symposium+18+1.81+Xi\'an, China+Sep 12, 2021 - Sep 15, 2021+Wednesday 21 Apr 2021+https://2021.ieee-ius.org/+535+44+20
IEEE International Workshop on Information Forensics and Security+23+2.48+Montpellier, France+Dec 07, 2021 - Dec 10, 2021+Wednesday 21 Jul 2021+https://wifs2021.lirmm.fr/+343+27+19
IEEE Pacific Visualization Symposium+19+2.31+Tianjin, China+Apr 19, 2021 - Apr 22, 2021+Friday 25 Sep 2020+http://vis.tju.edu.cn/pvis2021+368+35+15
IEEE Power & Energy Society Innovative Smart Grid Technologies Conference+0+1.81+Online, Online+Feb 21, 2022 - Feb 24, 2022+Monday 30 Aug 2021+https://ieee-isgt.org/+550+14+13
IEEE Southwest Symposium on Image Analysis and Interpretation+0+1.49+Online, Online+Mar 29, 2020 - Mar 31, 2020+Monday 09 Dec 2019+http://ivpcl.unm.edu/SSIAI2020/index.html+687+12+8
IEEE Spoken Language Technology Workshop+25+3.13+Online, Online+Jan 19, 2021 - Jan 22, 2021+Friday 14 Aug 2020+http://2021.ieeeslt.org/+230+36+24
IEEE Symposium Series on Computational Intelligence+24+3.3+Orlando, FL, United States+Dec 04, 2021 - Dec 07, 2021+Friday 20 Aug 2021+https://attend.ieee.org/ssci-2021/+211+179+89
IEEE Symposium on Privacy-Aware Computing+0+1.16+Washington, United States+Sep 26, 2018 - Sep 28, 2018+Monday 14 May 2018+http://sopac-conference.info/+792+17+11
IEEE Symposium on Visual Analytics Science and Technology+19+2.15+Salt Lake City, United States+Oct 25, 2020 - Oct 30, 2020+Thursday 30 Apr 2020+http://ieeevis.org/year/2020/info/call-participation/vast-paper-types+419+23+12
IEEE Symposium on Visual Languages and Human-Centric Computing+17+2.15+St Louis, United States+Oct 10, 2021 - Oct 13, 2021+Monday 23 Apr 2012+https://conf.researchr.org/home/vlhcc-2021+433+36+22
IEEE Visual Communications and Image Processing+13+1.98+Munich, Germany+Dec 05, 2021 - Dec 08, 2021+Sunday 27 Jun 2021+http://www.vcip2021.org/+485+45+28
IEEE Working Conference on Software Visualization+13+1.98+Luxembourg, Luxembourg+Sep 27, 2021 - Sep 28, 2021+Friday 11 Jun 2021+https://vissoft.info/2021/+482+11+8
IEEE Workshop on Applications of Signal Processing to Audio and Acoustics+19+2.48+Mohonk Mountain House, New Paltz, United States+Oct 17, 2021 - Oct 20, 2021+Wednesday 28 Apr 2021+https://www.waspaa.com/+355+33+19
IEEE Workshop on Multimedia Signal Processing+18+2.81+Tampere, Finland+Sep 21, 2021 - Sep 24, 2021+Friday 01 Jan 2021+https://attend.ieee.org/mmsp-2020/mmsp-2021/+274+43+29
IEEE/ASME International Conference on Advanced Intelligent Mechatronics+17+2.15+Sapporo, Japan+Jul 11, 2022 - Jul 15, 2022+Friday 25 Feb 2022+https://www.aim2022.org/+439+47+22
IEEE/CVF Conference on Computer Vision and Pattern Recognition+299+51.98+New Orleans, United States+Jun 21, 2022 - Jun 24, 2022+Tuesday 16 Nov 2021+http://cvpr2022.thecvf.com/+1+2010+549
IEEE/CVF International Conference on Computer Vision+176+32.51+Montreal, Canada+Oct 11, 2021 - Oct 17, 2021+Wednesday 17 Mar 2021+http://iccv2021.thecvf.com/home+3+1094+400
IEEE/OES Autonomous Underwater Vehicle Workshop+9+0.99+Porto, Portugal+Nov 06, 2018 - Nov 09, 2018+Monday 09 Apr 2018+https://auv2018.lsts.pt/+860+10+8
IEEE/RSJ International Conference on Intelligent Robots and Systems+63+10.06+Prague, Czech Republic+Sep 27, 2021 - Oct 01, 2021+Friday 05 Mar 2021+https://www.iros2021.org/+22+688+238
IEEE/WIC/ACM International Conference on Web Intelligence+0+2.97+Online, Online+Dec 14, 2021 - Dec 17, 2021+Sunday 29 Aug 2021+https://www.wi-iat.com/wi-iat2021/index.html+256+59+38
Iberian Conference on Pattern Recognition and Image Analysis+11+0.99+Aveiro, Portugal+May 04, 2022 - May 06, 2021+Sunday 09 Jan 2022+http://www.ibpria.org/2022/+869+13+7
Iberoamerican Congress on Pattern Recognition (CIARP)+10+1.32+Porto, Portugal+May 10, 2021 - May 13, 2021+Sunday 31 Jan 2021+https://ciarp25.org/+712+23+13
Intelligent Data Analysis+14+1.49+Porto, Portugal+Apr 26, 2021 - Apr 28, 2021+Friday 27 Nov 2020+https://ida2021.org/+640+17+10
Intelligent Virtual Agents+16+2.64+Online, Online+Sep 14, 2021 - Sep 17, 2021+Saturday 08 May 2021+https://sites.google.com/view/iva2021/+307+40+16
International Conference Image Analysis and Recognition+17+1.81+Povoa, Porto, Portugal, Portugal+Jun 24, 2020 - Jun 26, 2020+Monday 20 Jan 2020+https://www.aimiconf.org/iciar20+545+24+15
International Conference Information Visualisation+12+1.16+Online, Online+Jul 05, 2021 - Jul 16, 2021+Thursday 15 Apr 2021+https://iv.csites.fct.unl.pt/au/+809+12+8
International Conference of the Biometrics Special Interest Group+16+2.48+Darmstadt, Germany+Sep 15, 2021 - Sep 17, 2021+Tuesday 15 Jun 2021+https://biosig.de/+360+33+14
International Conference of the Cross-Language Evaluation Forum for European Languages+0+2.97+Bucharest, Romania+Sep 21, 2021 - Sep 24, 2021+Monday 03 May 2021+http://clef2021.clef-initiative.eu/+267+21+13
International Conference of the Italian Association for Artificial Intelligence+0+1.65+Milan, Italy+Dec 01, 2021 - Dec 03, 2021+Thursday 29 Jul 2021+https://aixia2021.disco.unimib.it/+589+21+19
International Conference on 3D Vision+37+5.94+Online, Online+Dec 01, 2021 - Dec 03, 2021+Friday 30 Jul 2021+https://3dv2021.surrey.ac.uk/+75+90+58
International Conference on Advanced Computational Intelligence+13+0.82+Dali, China+Aug 14, 2020 - Aug 14, 2020+Sunday 15 Dec 2019+https://conference.cs.cityu.edu.hk/icaci/+906+11+9
International Conference on Advanced Concepts for Intelligent Vision Systems+16+1.98+Auckland, New Zealand+Feb 10, 2020 - Feb 14, 2020+Sunday 01 Sep 2019+http://acivs.org/acivs2020/+475+15+11
International Conference on Advanced Data Mining and Applications+8+2.15+Sydney, Australia+Dec 01, 2021 - Dec 03, 2021+Sunday 15 Aug 2021+https://adma2021.net/+442+22+20
International Conference on Advanced Intelligent Systems and Informatics+17+1.32+Cairo, Egypt+Dec 11, 2021 - Dec 13, 2021+Tuesday 20 Jul 2021+http://egyptscience.net/AISI2021/home.html+761+24+6
International Conference on Advanced Machine Learning Technologies and Applications+10+1.16+Cairo, Egypt+Mar 20, 2021 - Mar 22, 2021+Tuesday 15 Sep 2020+http://egyptscience.net/AMLTA2021/home.html+830+13+3
International Conference on Advanced Visual Interfaces+14+1.98+Island of Ischia, Italy, Italy+Jun 09, 2020 - Jun 12, 2020+Tuesday 21 Jan 2020+https://sites.google.com/unisa.it/avi2020/+476+18+14
International Conference on Advances in Social Network Analysis and Mining+32+4.46+Hague, Netherlands+Nov 15, 2021 - Nov 15, 2021+Monday 16 Aug 2021+http://asonam.cpsc.ucalgary.ca/2021/+135+103+72
International Conference on Affective Computing and Intelligent Interaction+24+3.13+Nara, Japan+Sep 28, 2021 - Oct 01, 2021+Friday 16 Apr 2021+https://www.acii-conf.net/2021/+226+73+39
International Conference on Applications of Natural Language to Information Systems+14+1.16+Saarbrücken, Germany+Jun 23, 2021 - Jun 25, 2021+Monday 08 Feb 2021+http://nldb2021.sb.dfki.de/+795+16+10
International Conference on Artificial Intelligence and Soft Computing+17+1.65+Zakopane, Poland+Jun 20, 2021 - Jun 24, 2021+Friday 20 Nov 2020+http://icaisc2021.icaisc.eu/+579+28+11
International Conference on Artificial Intelligence and Statistics+57+9.9+Virtual, United States+Apr 13, 2021 - Apr 15, 2021+Thursday 08 Oct 2020+https://aistats.org/aistats2021/+25+177+116
International Conference on Artificial Neural Networks+19+3.46+Bratislava, Slovakia+Sep 14, 2021 - Sep 17, 2021+Thursday 15 Apr 2021+https://e-nns.org/icann2021/+190+61+39
International Conference on Artificial Reality and Telexistence / Eurographics Symposium on Virtual Environments+10+0.99+Sankt Augustin, Germany+Sep 07, 2021 - Sep 10, 2021+Monday 07 Jun 2021+https://icat-egve-2021.org/+854+21+9
International Conference on Automated Planning and Scheduling+25+3.96+Guangzhou, China+Aug 02, 2021 - Aug 13, 2021+Friday 11 Dec 2020+https://icaps21.icaps-conference.org/+161+62+32
International Conference on Biometrics+29+3.3+Shenzhen, China+Aug 04, 2021 - Aug 07, 2021+Monday 01 Feb 2021+http://ijcb2021.iapr-tc4.org/+201+60+28
International Conference on Case-Based Reasoning+12+1.32+Salamanca, Spain+Sep 11, 2021 - Sep 16, 2021+Wednesday 05 May 2021+https://iccbr21.org/+765+17+5
International Conference on Complex, Intelligent and Software Intensive Systems+15+1.16+Soonchunhyang University, South Korea+Jul 01, 2021 - Jul 03, 2021+Wednesday 31 Mar 2021+http://voyager.ce.fit.ac.jp/conf/cisis/2021/+777+10+8
International Conference on Computational Linguistics+49+4.62+Barcelona, Spain+Sep 15, 2020 - Sep 18, 2020+Wednesday 01 Jul 2020+http://coling2020.org/+122+56+43
International Conference on Computational Linguistics and Intelligent Text Processing+20+1.98+Hanoi, Vietnam+Mar 18, 2018 - Mar 24, 2018+Thursday 15 Feb 2018+https://www.cicling.org/2018/+466+23+14
International Conference on Computational Science and Computational Intelligence+15+0.99+Las Vegas, United States+Dec 16, 2020 - Dec 18, 2020+Thursday 05 Nov 2020+https://www.american-cse.org/csci2020/+841+16+15
International Conference on Computer Analysis of Images and Patterns+14+1.49+Nicosia, Cyprus+Sep 27, 2021 - Oct 01, 2021+Wednesday 05 May 2021+http://cyprusconferences.org/caip2021/+643+19+15
International Conference on Content-Based Multimedia Indexing+15+0.66+Lille - France, France+Jun 28, 2021 - Jun 30, 2021+Friday 15 Jan 2021+http://cbmi2020.univ-lille.fr/+928+12+8
International Conference on Control, Automation, Robotics and Vision+13+2.15+Shenzhen, China+Dec 13, 2020 - Dec 15, 2020+Monday 01 Jun 2020+https://www.icarcv.sg/2020/+421+55+37
International Conference on Data Engineering Workshops+56+8.25+Online, Online+May 09, 2022 - May 12, 2022+Wednesday 17 Nov 2021+https://icde2022.ieeecomputer.my/+35+268+136
International Conference on Database and Expert Systems Applications+14+1.49+Online, Online+Sep 27, 2021 - Sep 30, 2021+Monday 26 Apr 2021+http://www.dexa.org/dexa2021+647+32+19
International Conference on Digital Audio Effects+0+1.16+Vienna, Austria+Sep 07, 2021 - Sep 11, 2021+Tuesday 15 Dec 2020+https://dafx2020.mdw.ac.at/+829+13+3
International Conference on Digital Image Computing Techniques and Applications+17+1.32+Gold Coast, Australia+Nov 29, 2021 - Dec 01, 2021+Friday 30 Jul 2021+http://dicta2021.dictaconference.org/index.html+705+27+15
International Conference on Discovery Science+11+1.32+Halifax, Canada+Oct 11, 2021 - Oct 13, 2021+Thursday 10 Jun 2021+https://ds2021.cs.dal.ca/+751+13+8
International Conference on Document Analysis and Recognition+35+4.46+Lausanne, Switzerland+Sep 05, 2021 - Sep 10, 2021+Monday 08 Feb 2021+https://icdar2021.org/+127+103+42
International Conference on Hybrid Artificial Intelligent Systems+14+1.65+Bilbao, Spain+Sep 22, 2021 - Sep 24, 2021+Saturday 01 May 2021+http://2021.haisconference.eu/+580+17+11
International Conference on Image Analysis and Processing+24+2.15+Trento, Italy+Sep 09, 2019 - Sep 13, 2019+Friday 12 Apr 2019+https://event.unitn.it/iciap2019/+425+53+19
International Conference on Image Analysis and Recognition+17+0.99+Póvoa de Varzim, Portugal+Jun 24, 2020 - Jun 26, 2020+Monday 20 Jan 2020+https://www.aimiconf.org/iciar20/+839+14+8
International Conference on Image Processing Theory, Tools and Applications+16+1.98+Paris, France+Nov 09, 2021 - Nov 12, 2021+Sunday 28 Jun 2020+http://www.ipta-conference.com/ipta20/+493+21+19
International Conference on Image and Graphics+9+1.16+Haikou, China+Aug 06, 2021 - Aug 08, 2021+Saturday 15 May 2021+http://icig2021.csig.org.cn/+783+27+15
International Conference on Information Fusion+25+3.63+Sun City, South Africa+Nov 01, 2021 - Nov 04, 2021+Sunday 30 May 2021+https://www.fusion2021.co.za/+182+100+46
International Conference on Information Processing and Management of Uncertainty in Knowledge-Based Systems+10+2.15+Milan, Italy+Jul 11, 2022 - Jul 15, 2022+Friday 14 Jan 2022+https://ipmu2022.disco.unimib.it/+420+39+24
International Conference on Information Processing in Medical Imaging+23+3.13+Bornholm, Denmark+Jun 27, 2021 - Jul 02, 2021+Tuesday 01 Dec 2020+https://ipmi2021.org/+239+49+35
International Conference on Information, Intelligence, Systems and Applications+16+0.66+Shanghai, China+Jul 09, 2021 - Jul 11, 2021+Sunday 28 Feb 2021+https://www.iisaconference.com/2021/menu/home+935+10+6
International Conference on Integration of Constraint Programming, Artificial Intelligence, and Operations Research+0+2.48+Vienna, Austria+May 26, 2020 - May 29, 2020+Wednesday 01 Jan 2020+https://cpaior.org/+346+30+12
International Conference on Intelligent Computer Mathematics+14+0.99+Timisoara, Romania+Jul 26, 2021 - Jul 31, 2021+Monday 26 Jul 2021+https://cicm-conference.org/cicm.php+894+11+1
International Conference on Intelligent Data Engineering and Automated Learning+11+1.49+Manchseter, United Kingdom+Nov 25, 2021 - Nov 27, 2021+Thursday 01 Jul 2021+https://ideal-conf.com/+660+22+13
International Conference on Intelligent Science and Big Data Engineering+0+0.99+Nanjing, China+Oct 17, 2019 - Oct 20, 2019+Wednesday 10 Jul 2019+http://iscide.njust.edu.cn/+864+17+7
International Conference on Intelligent System Application to Power Systems+11+1.16+New Delhi, India+Dec 10, 2019 - Dec 14, 2019+Monday 01 Jul 2019+http://isap-power.org/2019+825+10+5
International Conference on Intelligent User Interfaces+31+4.95+Helsinki, Finland+Mar 22, 2022 - Mar 25, 2022+Friday 01 Oct 2021+https://iui.acm.org/2022/+103+105+65
International Conference on Intelligent and Fuzzy Systems+0+0.49+Istanbul, Turkey+Aug 24, 2021 - Aug 26, 2021+Friday 29 Jan 2021+http://infus.itu.edu.tr/+949+23+6
International Conference on Interactive Collaborative Learning+12+0.99+Dresden, Germany+Sep 22, 2021 - Sep 24, 2021+Friday 26 Mar 2021+http://www.icl-conference.org/current/+878+11+6
International Conference on Language Resources and Evaluation (LREC)+38+3.13+Marseille, France, France+May 13, 2020 - May 15, 2020+Monday 25 Nov 2019+https://lrec2020.lrec-conf.org/+231+83+45
International Conference on Learning Analytics And Knowledge+40+5.28+Newport Beach, CA, United States+Mar 19, 2022 - Mar 23, 2022+Monday 04 Oct 2021+https://www.solaresearch.org/events/lak/lak22/+96+58+17
International Conference on Learning Representations+203+11.38+Online, Online+Apr 25, 2022 - Apr 29, 2022+Tuesday 28 Sep 2021+https://iclr.cc/+17+132+97
International Conference on Learning and Intelligent Optimization+11+1.98+Online, Online+Jun 20, 2021 - Jun 25, 2021+Thursday 15 Apr 2021+https://lion15.sba-research.org/+464+12+9
International Conference on Machine Learning (ICML)+171+18.48+Vienna, Austria+Jul 18, 2021 - Jul 24, 2021+Thursday 28 Jan 2021+https://icml.cc/Conferences/2021+6+295+216
International Conference on Machine Learning and Applications+30+2.97+Pasadena, United States+Dec 13, 2021 - Dec 16, 2021+Saturday 03 Jul 2021+https://www.icmla-conference.org/icmla21/+248+69+52
International Conference on Machine Vision+15+1.16+Rome, Italy+Nov 08, 2021 - Nov 14, 2021+Tuesday 25 May 2021+http://icmv.org/+813+17+7
International Conference on Machine Vision Applications+19+1.49+Nagoya, Japan+Jul 25, 2021 - Jul 27, 2021+Wednesday 07 Apr 2021+http://www.mva-org.jp/mva2021/+679+14+11
International Conference on Medical Imaging with Deep Learning+0+1.32+Lubeck, Germany+Jul 07, 2021 - Jul 09, 2021+Wednesday 10 Feb 2021+https://2021.midl.io/+723+20+16
International Conference on Modeling Decisions for Artificial Intelligence+8+0.66+Online, Online+Sep 27, 2021 - Sep 30, 2021+Monday 22 Mar 2021+http://www.mdai.cat/mdai2021/+934+12+6
International Conference on Multimedia Modeling+21+3.13+Qui Nhnon, Vietnam+Apr 05, 2022 - Apr 08, 2022+Friday 27 Aug 2021+http://mmm2022.org/+238+57+35
International Conference on Natural Computation, Fuzzy Systems and Knowledge Discovery+0+1.16+Guiyang, China+Jul 24, 2021 - Jul 26, 2021+Sunday 10 Jan 2021+http://icnc-fskd.gzu.edu.cn/+821+10+6
International Conference on Natural Language Generation+18+0.99+Online, Online+Sep 20, 2021 - Sep 24, 2021+Tuesday 15 Jun 2021+https://inlg2021.github.io/pages/calls.html+872+11+7
International Conference on Neural Information Processing+22+3.13+Bali, Indonesia+Dec 08, 2021 - Dec 12, 2021+Wednesday 30 Jun 2021+https://iconip2021.apnns.org/+234+131+56
International Conference on Pattern Recognition+35+4.29+Milan, Italy+Jan 10, 2021 - Jan 15, 2021+Wednesday 15 Jul 2020+https://www.icpr2020.it/+137+149+97
International Conference on Principles and Practice of Multi-Agent Systems+0+1.65+Nagoya, Japan, Japan+Sep 27, 2020 - Sep 30, 2020+Friday 24 Apr 2020+http://uchiya.web.nitech.ac.jp/prima2020/+613+25+11
International Conference on Scalable Uncertainty Management+11+1.32+Bolzano, Italy+Sep 23, 2020 - Sep 25, 2020+Wednesday 22 Apr 2020+https://sum2020.inf.unibz.it/+737+23+10
International Conference on Scale Space and Variational Methods in Computer Vision+14+1.65+Cabourg, United States+May 16, 2021 - May 20, 2021+Monday 01 Feb 2021+https://ssvm2021.sciencesconf.org/+595+35+15
International Conference on Security, Pattern Analysis, and Cybernetics+7+1.16+Chengdu, China+Jun 18, 2021 - Jun 20, 2021+Friday 26 Mar 2021+http://www.ieee-spac.org/+822+20+5
International Conference on Semantic Systems+14+1.32+Karlsruhe, Germany+Sep 09, 2029 - Sep 12, 2029+Monday 06 May 2019+https://2019.semantics.cc/+736+18+11
International Conference on Signal-Image Technology and Internet-Based Systems+14+0.66+Naples, Italy+Nov 26, 2019 - Nov 29, 2019+Monday 23 Sep 2019+http://www.sitis-conf.org/+924+29+15
International Conference on Similarity Search and Applications+13+0.82+Dortmund, Germany+Sep 29, 2021 - Oct 01, 2021+Tuesday 15 Jun 2021+http://www.sisap.org/2021/+914+11+5
International Conference on Smart Energy Systems and Technologies+7+0.66+Vaasa, Finland+Sep 06, 2021 - Sep 08, 2021+Tuesday 15 Dec 2020+https://sites.univaasa.fi/sest2021/+931+12+7
International Conference on Smart Multimedia+0+0.66+Marseille, France+Dec 16, 2021 - Dec 18, 2021+Saturday 11 Sep 2021+http://smartmultimedia.org/2021/+940+16+3
International Conference on Smart and Sustainable Technologies+5+0.99+Split, Croatia+Sep 08, 2021 - Sep 11, 2021+Tuesday 25 May 2021+https://2021.splitech.org/+892+13+3
International Conference on Social Computing, Behavioral-Cultural Modeling and Prediction and Behavior Representation in Modeling and Simulation+0+2.31+Online, Online+Jul 06, 2021 - Jul 09, 2021+Friday 16 Apr 2021+http://sbp-brims.org/2021/+408+36+13
International Conference on Software Engineering and Knowledge Engineering+15+0.82+Redwood City, United States+Jul 01, 2021 - Jul 10, 2021+Monday 15 Mar 2021+http://ksiresearch.org/seke/seke21.html+899+10+6
International Conference on Speech and Computer+16+1.49+St. Petersburg, Russia+Sep 27, 2021 - Sep 30, 2021+Monday 14 Jun 2021+http://www.specom.nw.ru/2021+682+12+9
International Conference on Swarm Intelligence+0+1.98+Quing Dao, China+Jul 17, 2021 - Jul 21, 2021+Sunday 28 Feb 2021+http://www.iasei.org/icsi2021/+469+30+13
International Conference on Text, Speech, and Dialogue+13+0.99+Olomouc, Czech Republic+Sep 06, 2021 - Sep 09, 2021+Sunday 18 Apr 2021+https://www.kiv.zcu.cz/tsd2021/+875+17+6
International Conference on Tools with Artificial Intelligence+19+2.31+Washington, D.C., United States+Nov 01, 2021 - Nov 03, 2021+Monday 26 Jul 2021+https://ictai.computer.org/+371+52+34
International Conference on Ubiquitous Computing and Ambient Intelligence+11+1.81+Philadelphia, United States+Nov 07, 2017 - Nov 10, 2017+Monday 01 May 2017+http://mamilab.esi.uclm.es/ucami2017/+567+14+7
International Conference on Ubiquitous Robots and Ambient Intelligence+13+1.16+Online, Online+Jul 12, 2021 - Jul 14, 2021+Wednesday 31 Mar 2021+http://www.ubiquitousrobots.org/2021/+808+13+8
International Conference on Universal Village+0+0.82+Boston, United States+Oct 24, 2020 - Oct 27, 2020+Sunday 20 Sep 2020+https://universalvillage.org/+915+16+3
International Conference on Unmanned Aircraft Systems+31+2.97+Guangzhou, China+Mar 26, 2022 - Mar 28, 2022+Sunday 10 Oct 2021+http://www.icuasa.org/+260+79+25
International Conference on Wavelet Analysis and Pattern Recognition+8+0.33+Adelaide, Australia+Dec 04, 2021 - Dec 05, 2021+Friday 10 Sep 2021+https://www.icmlc.com/ICWAPR/welcome.html+960+13+1
International Conference on Web Intelligence, Mining and Semantics+12+1.98+Biarritz-France, France+Jun 30, 2020 - Jul 03, 2020+Monday 16 Mar 2020+https://wims2020.sigappfr.org/+509+13+12
International Congress on Image and Signal Processing, BioMedical Engineering and Informatics+14+0.66+Shanghai, China+Oct 23, 2021 - Oct 25, 2021+Tuesday 20 Apr 2021+http://www.cisp-bmei.cn/+932+10+7
International Cross-Domain Conference for Machine Learning and Knowledge Extraction+0+1.65+Online, Online+Aug 17, 2021 - Aug 20, 2021+Thursday 15 Apr 2021+https://cd-make.net/+636+17+5
International Fuzzy Systems Association World Congress+0+0.66+Lafayette, United States+Jun 18, 2019 - Jun 21, 2019+Friday 08 Feb 2019+https://interval.louisiana.edu/IFSA-NAFIPS/+930+21+7
International IEEE/EMBS Conference on Neural Engineering+18+2.31+Online, Online+May 04, 2021 - May 06, 2021+Friday 20 Nov 2020+https://neuro.embs.org/2021/+392+42+25
International Joint Conference on Artificial Intelligence (IJCAI)+95+11.71+Montreal, Canada+Aug 21, 2021 - Aug 26, 2021+Wednesday 13 Jan 2021+https://ijcai-21.org/+14+499+278
International Joint Conference on Biometrics+23+4.95+Shenzhen, China+Aug 04, 2021 - Aug 07, 2021+Tuesday 06 Apr 2021+http://ijcb2021.iapr-tc4.org/+106+44+29
International Joint Conference on Computer Vision, Imaging and Computer Graphics Theory and Applications+0+2.15+Vienna, Austria+Feb 06, 2022 - Feb 08, 2022+Tuesday 14 Sep 2021+http://www.visigrapp.org/+435+42+28
International Joint Conference on Natural Language Processing (IJCNLP)+24+4.12+Bangkok, Thailand+Aug 01, 2021 - Aug 06, 2021+Monday 25 Jan 2021+https://2021.aclweb.org/+148+36+30
International Joint Conference on Neural Networks+46+7.09+Padova, Italy+Jul 18, 2022 - Jul 23, 2022+Monday 31 Jan 2022+https://wcci2022.org/call-for-papers/+48+292+162
International Multimedia Conference+58+2.97+Seattle, USA, United States+Oct 12, 2020 - Oct 16, 2020+Saturday 28 Mar 2020+https://www.acmmm.org/2020/+261+32+25
International Static Analysis Symposium+0+1.49+Chicago, United States+Oct 17, 2021 - Oct 22, 2021+Friday 30 Apr 2021+https://conf.researchr.org/home/sas-2021?+688+10+8
International Symposium on Cyber Security Cryptography and Machine Learning+0+1.49+Be'er Sheva, Israel+Jul 08, 2021 - Jul 09, 2021+Friday 14 Feb 2020+http://cscml.org/+672+25+11
International Symposium on Information Processing in Sensor Networks+27+4.12+Nashville, United States+May 18, 2021 - May 21, 2021+Monday 19 Oct 2020+https://ipsn.acm.org/2021/+151+47+26
International Symposium on Intelligent Signal Processing and Communication Systems+11+0.49+Hualien, Taiwan+Nov 16, 2021 - Nov 19, 2021+Tuesday 10 Aug 2021+http://www.ieee-ispacs2021.org/+948+10+8
International Symposium on Mathematical Morphology and Its Applications to Signal and Image Processing+13+1.16+Saarland University, Saarbrücken, German, Germany+Jul 08, 2019 - Jul 10, 2019+Saturday 01 Dec 2018+http://ismm.uni-saarland.de/+776+16+7
International Symposium on Medical Robotics+0+1.49+Atlanta, United States+Nov 17, 2021 - Nov 19, 2021+Tuesday 01 Jun 2021+http://www.ismr.gatech.edu/+693+11+7
International Symposium on Neural Networks+13+1.16+Cairo, Egypt+Dec 04, 2020 - Dec 06, 2020+Friday 01 May 2020+https://conference.cs.cityu.edu.hk/isnn/+782+31+15
International Symposium on Power and Timing Modeling, Optimization and Simulation+10+1.49+Rhodes , Greece+Jul 01, 2019 - Jul 03, 2019+Friday 29 Mar 2019+http://www.patmos2019.upatras.gr/+690+14+7
International Symposium on String Processing and Information Retrieval+13+0.99+Lille, France+Oct 04, 2021 - Oct 06, 2021+Wednesday 19 May 2021+https://www.cristal.univ-lille.fr/spire2021/+837+11+4
International Symposium on Visual Computing+16+0.66+Online, Online+Oct 04, 2021 - Oct 06, 2021+Tuesday 10 Aug 2021+https://www.isvc.net/+921+14+11
International Symposium on Visual Information Communication and Interaction+8+0.99+Potsdam, Germany+Sep 06, 2021 - Sep 08, 2021+Thursday 22 Apr 2021+https://vinci-conf.org/+873+11+7
International Teletraffic Congress+0+2.64+Avignon, France+Aug 31, 2021 - Sep 03, 2021+Friday 02 Apr 2021+https://itc33.org/+327+23+17
International Work-Conference on the Interplay Between Natural and Artificial Computation+12+1.32+Tenerife, Spain+Jun 03, 2022 - Jun 07, 2022+Monday 28 Feb 2022+http://www.iwinac.org/iwinac2022/+759+14+7
International Workshop on Acoustic Signal Enhancement+14+1.32+Bamberg, Germany+Sep 05, 2022 - Sep 08, 2022+Friday 22 Apr 2022+https://iwaenc2022.org/+742+12+9
International Workshop on Algorithms in Bioinformatics+12+0.99+Online, Online+Aug 02, 2021 - Aug 04, 2021+Tuesday 20 Apr 2021+https://acm-bcb.org/WABI/2021/+856+10+9
International Workshop on Arabic and Derived Script Analysis and Recognition+0+1.32+Lausanne, Switzerland+Sep 06, 2021 - Sep 06, 2021+Monday 10 May 2021+https://asar2021.wixsite.com/home+768+10+5
International Workshop on Biometrics and Forensics+14+1.98+Rome, Italy+May 06, 2021 - May 07, 2021+Sunday 28 Feb 2021+https://www.iwbf2021.com/+511+20+10
International Workshop on Digital Watermarking+11+0.66+Beijing, China+Nov 20, 2021 - Nov 22, 2021+Monday 20 Sep 2021+http://iwdw.site/+942+11+3
International Workshop on Energy Minimization Methods in Computer Vision and Pattern Recognitio+0+1.32+Venice, Italy+Oct 30, 2017 - Nov 01, 2017+Thursday 10 Aug 2017+https://www.dsi.unive.it/emmcvpr17/+727+17+14
International Workshop on Graph-Based Representations in Pattern Recognition+0+1.49+Tours, France+Jun 19, 2019 - Jun 21, 2019+Saturday 19 Jan 2019+https://gbr2019.sciencesconf.org/+701+14+4
International Workshop on Machine Learning for Medical Image Reconstruction+0+1.32+Lima, Peru+Oct 08, 2020 - Oct 08, 2020+Tuesday 30 Jun 2020+https://sites.google.com/view/mlmir2020/home+741+16+9
International Workshop on Machine Learning for Signal Processing+19+2.81+Gold Coast, Australia+Oct 21, 2021 - Oct 28, 2021+Monday 31 May 2021+https://attend.ieee.org/mlsp-2021/+283+58+54
International Workshop on Machine Learning in Medical Imaging+19+3.46+Strasbourg, France+Sep 27, 2021 - Sep 27, 2021+Friday 25 Jun 2021+https://sites.google.com/view/mlmi2021/+198+67+31
International Workshop on Quality of Multimedia Experience+26+3.46+Online, Online+Jun 14, 2021 - Jun 17, 2021+Tuesday 16 Feb 2021+https://qomex2021.itec.aau.at/+185+43+13
International Workshop on Shape in Medical Imaging+0+1.32+Lima, Peru+Oct 04, 2020 - Oct 04, 2020+Tuesday 30 Jun 2020+https://shapemi.github.io/+746+10+9
International Workshop on the Analysis of Multitemporal Remote Sensing Images+8+0.66+Shanghai, China+Aug 05, 2019 - Aug 07, 2019+Sunday 07 Apr 2019+https://multitemp2019.tongji.edu.cn/+938+11+4
Joint Conference on Lexical and Computational Semantics+19+1.81+Bangkok, Thailand+Aug 05, 2021 - Aug 06, 2021+Friday 09 Apr 2021+https://sites.google.com/view/starsem2021/home+517+15+16
Joint German/Austrian Conference on Artificial Intelligence+0+1.49+Berlin, Germany+Sep 27, 2021 - Sep 27, 2021+Monday 10 May 2021+https://ki2021.uni-luebeck.de/+654+22+14
Joint IAPR International Workshops on Statistical Techniques in Pattern Recognition (SPR) and Structural and Syntactic Pattern Recognition (SSPR)+0+0.49+Online, Online+Jan 19, 2021 - Jan 22, 2021+Sunday 15 Nov 2020+https://www.dais.unive.it/sspr2020/+950+12+4
Joint IEEE International Conference on Development and Learning and Epigenetic Robotics+0+1.49+Beijing, China+Aug 23, 2021 - Aug 26, 2021+Wednesday 17 Mar 2021+https://icdl-2021.org/+659+24+13
Joint International Semantic Technology Conference+9+0.99+Awaji City, Hyogo, Japan, Japan+Nov 26, 2018 - Nov 28, 2018+Friday 10 Aug 2018+http://jist2018.knowledge-graph.jp/+879+11+6
Knowledge Capture Conference+13+2.48+Online, Online+Dec 02, 2021 - Dec 03, 2021+Wednesday 15 Sep 2021+https://www.k-cap.org/2021/index.html+363+29+11
Knowledge Engineering and Knowledge Management+13+1.65+Bolzano, Italy+Sep 15, 2020 - Sep 19, 2020+Monday 25 May 2020+https://ekaw2020.inf.unibz.it/+582+14+12
Machine Learning for Healthcare Conference+19+2.31+Online, Online+Aug 06, 2021 - Aug 07, 2021+Friday 19 Mar 2021+https://www.mlforhc.org/+411+14+13
Medical Image Computing and Computer Assisted Intervention+61+9.73+Strasbourg, France+Sep 27, 2021 - Oct 01, 2021+Friday 19 Feb 2021+https://miccai2021.org/en/+26+433+137
Medical Imaging : Computer-Aided Diagnosis+22+3.13+San Diego, United States+Feb 20, 2022 - Feb 24, 2022+Wednesday 18 Aug 2021+https://spie.org/mi/conferencedetails/computer-aided-diagnosis?SSO=1+241+41+29
Medical Imaging : Digital Pathology+14+1.65+San Diego, United States+Feb 22, 2022 - Feb 24, 2022+Wednesday 18 Aug 2021+https://spie.org/MI22/conferencedetails/digital-pathology?enableBackToBrowse=true+624+10+9
Medical Imaging : Image Processing+20+3.3+San Diego, United States+Feb 20, 2022 - Feb 24, 2022+Wednesday 18 Aug 2021+https://spie.org/conferences-and-exhibitions/medical-imaging?SSO=1+217+70+33
Medical Imaging : Image-Guided Procedures, Robotic Interventions, and Modeling+0+1.81+San Diego, United States+Feb 20, 2022 - Feb 24, 2022+Wednesday 18 Aug 2021+https://spie.org/MI22/conferencedetails/image-guided-procedures+537+67+18
Medical Imaging : Imaging Informatics for Healthcare, Research, and Applications+0+1.49+San Diego, United States+Feb 20, 2022 - Feb 24, 2022+Wednesday 18 Aug 2021+https://spie.org/MI/conferencedetails/imaging-informatics+697+12+6
Meeting of the Association for Computational Linguistics (ACL)+135+10.56+Bangkok, Thailand+Aug 01, 2021 - Aug 06, 2021+Monday 01 Feb 2021+https://2021.aclweb.org/+20+207+112
Mining Software Repositories+40+4.62+Online, Online+May 23, 2021 - May 24, 2021+Tuesday 19 Jan 2021+https://2021.msrconf.org/+123+68+40
Mobile Multimedia/Image Processing, Security, and Applications+0+0.82+Orlando, United States+Apr 15, 2018 - Apr 19, 2018+Monday 09 Oct 2017+https://spie.org/SIC/conferencedetails/mobile-multimedia?SSO=1+918+28+2
Neural Information Processing Systems (NIPS)+198+33.49+Online, Online+Dec 06, 2021 - Dec 14, 2021+Friday 21 May 2021+https://nips.cc/+2+1175+510
North American Fuzzy Information Processing Society Annual Conference+11+1.49+Halifax, Canada+May 31, 2022 - Jun 03, 2022+Tuesday 15 Feb 2022+https://nafips2022.cs.smu.ca/+700+23+4
Pacific Rim International Conference on Artificial Intelligence+9+1.32+Online, Online+Jan 07, 2021 - Jan 15, 2021+Wednesday 15 Jan 2020+https://ijcai20.org/+717+26+23
Pacific-Asia Conference on Knowledge Discovery and Data Mining (PAKDD)+23+3.96+Delhi, India+May 11, 2021 - May 14, 2021+Monday 07 Dec 2020+https://pakdd2021.org/+158+89+68
Photons Plus Ultrasound: Imaging and Sensing+0+1.32+San Francisco, United States+Jan 22, 2022 - Jan 27, 2022+Wednesday 11 Aug 2021+https://spie.org/pwb/conferencedetails/photons-plus-ultrasound?SSO=1+769+15+4
Picture Coding Symposium+19+1.65+Bristol, United Kingdom+Jun 29, 2021 - Jul 02, 2021+Sunday 07 Feb 2021+https://pcs2021.org/+568+36+14
Principles of Knowledge Representation and Reasoning+19+2.81+Hanoi, Vietnam+Nov 06, 2021 - Nov 12, 2021+Wednesday 24 Mar 2021+https://kr2021.kbsg.rwth-aachen.de/+275+23+22
Recent Advances in Natural Language Processing+19+0.99+Varna, Bulgaria+Sep 01, 2021 - Sep 10, 2021+Thursday 01 Apr 2021+http://ranlp.org/ranlp2021/history.php+833+11+10
SAI Intelligent Systems Conference+13+1.32+Online, Online+Sep 02, 2021 - Sep 03, 2021+Monday 01 Feb 2021+https://saiconference.com/IntelliSys+728+14+14
SIAM International Conference on Data Mining (SDM)+33+5.45+Alexandria, Virginia, United States+Mar 25, 2021 - Mar 27, 2021+Monday 05 Oct 2020+https://www.siam.org/conferences/cm/conference/sdm21+88+113+72
SIBGRAPI Conference on Graphics, Patterns and Images+16+1.65+Online, Online+Oct 18, 2021 - Oct 22, 2021+Monday 05 Jul 2021+https://www.inf.ufrgs.br/sibgrapi2021/+620+18+9
Scandinavian Conference on Image Analysis+14+2.48+Norrköping, Sweden+Jun 11, 2019 - Jun 13, 2019+Wednesday 06 Feb 2019+https://ssba.org.se/scia2019/+359+20+16
Smart Grid Conference+9+0.82+Tabriz, Iran+Dec 07, 2021 - Dec 09, 2021+Monday 23 Aug 2021+https://sgc2021.tabrizu.ac.ir/en+920+24+1
TREC Video Retrieval Evaluation: TRECVID+0+1.16+Gaithersburg, MD, USA, United States+Nov 17, 2020 - Nov 19, 2020+Wednesday 01 Apr 2020+http://trecvid.nist.gov/+788+20+12
The Euro-China Conference on Intelligent Data Analysis and Applications+7+0.66+Arad, Romania+Oct 15, 2019 - Oct 18, 2019+Saturday 31 Aug 2019+https://www.ecc2019.ro/+941+13+3
Winter Conference on Applications of Computer Vision+54+8.74+Hawaii, United States+Jan 04, 2022 - Jan 08, 2022+Wednesday 11 Aug 2021+http://wacv2022.thecvf.com/home+34+222+126
Workshop on Argument Mining+0+1.32+Punta Cana, Dominican Republic+Nov 10, 2021 - Nov 11, 2021+Friday 20 Aug 2021+https://2021.argmining.org/+753+11+8
Workshop on Biomedical Natural Language Processing+22+2.81+Mexico City, Mexico+Jun 11, 2021 - Jun 11, 2021+Saturday 20 Mar 2021+https://aclweb.org/aclwiki/BioNLP_Workshop+299+24+17
Workshop on Hyperspectral Imaging and Signal Processing: Evolution in Remote Sensing+11+0.99+Online, Online+Mar 24, 2021 - Jan 26, 2021+Saturday 31 Oct 2020+https://www.ieee-whispers.com/+844+25+12
